{"mean": [102.13343697680521, 97.0289572844491, 211.90880414721613, 196.99281090327995, 0.283460004839683, 23.30883766818173, 243.19195592929907, 2.4138185036729625], "std": [57.00101722633982, 74.79045906854813, 102.04800736771368, 85.66484651069815, 0.1987137458297533, 16.656092486956695, 107.55971046821406, 1.0620682938129007]}