{"mean": [143.77024503799024, 196.06994992394118, 1.1862599169321666, 4.602785721230818, 170.25110510300232, 340.1829258108841, 2.682559609472371], "std": [83.07745513716878, 115.60463771677782, 0.4708349484072214, 5.604647273561792, 122.16108002218118, 217.04900999749933, 0.4207388030705993]}